City,Cloudiness,Country,Date,Humidity,Lat,Lng,Max Temp,Wind Speed
Ushuaia,20,AR,1532480400,64,-54.81,-68.31,37.4,4.7
Georgetown,75,GY,1532480400,94,6.8,-58.16,77.0,11.41
Alibag,75,IN,1532478600,83,18.64,72.88,82.4,9.17
San Patricio,92,PY,1532482242,97,-26.98,-56.83,53.79,2.48
Vaini,100,IN,1532482243,98,15.34,74.49,71.97,7.85
Kieta,88,PG,1532482243,100,-6.22,155.63,78.45,3.15
Ahipara,32,NZ,1532482243,85,-35.17,173.16,56.49,10.76
Richards Bay,0,ZA,1532482244,93,-28.77,32.06,54.06,5.84
Esquias,75,HN,1532480280,42,14.73,-87.37,82.4,3.36
Ust-Kulom,80,RU,1532482244,54,61.69,53.69,68.28,4.83
Tuktoyaktuk,20,CA,1532480400,68,69.44,-133.03,69.8,13.87
Mataura,24,NZ,1532482245,83,-46.19,168.86,43.08,4.61
Cape Town,40,ZA,1532480400,93,-33.93,18.42,55.4,5.82
Kapaa,20,US,1532480160,70,22.08,-159.32,85.17,13.87
Sechura,8,PE,1532482029,80,-5.56,-80.82,70.63,13.33
Talnakh,92,RU,1532482246,84,69.49,88.39,48.93,12.21
Nadvoitsy,0,RU,1532482246,73,63.89,34.27,65.04,3.94
Punta Arenas,0,CL,1532480400,80,-53.16,-70.91,35.6,14.99
Arys,0,KZ,1532480400,37,42.43,68.8,71.6,11.18
Zeya,0,RU,1532482247,64,53.74,127.27,72.33,3.94
Tazovskiy,0,RU,1532482247,57,67.47,78.7,71.61,17.25
Turukhansk,56,RU,1532482248,71,65.8,87.96,57.75,2.37
De-Kastri,76,RU,1532482248,84,51.48,140.77,59.1,6.73
Vaasa,0,FI,1532481600,87,63.1,21.62,57.2,2.24
Hilo,75,US,1532480160,69,19.71,-155.08,77.45,9.17
Svetlogorsk,20,RU,1532480400,82,53.14,59.15,59.0,8.95
Hobart,40,AU,1532480400,50,-42.88,147.33,51.8,17.22
Bethel,1,US,1532479980,46,60.79,-161.76,73.4,16.11
Port Alfred,64,ZA,1532482250,100,-33.59,26.89,61.44,5.95
Albany,40,US,1532480100,61,42.65,-73.75,77.68,8.05
Nampula,20,MZ,1532480400,100,-15.12,39.26,60.8,6.93
Carnarvon,8,ZA,1532482251,61,-30.97,22.13,42.72,9.64
Puerto Ayora,20,EC,1532476800,69,-0.74,-90.35,75.2,13.87
Igrim,0,RU,1532482252,54,63.19,64.42,75.12,5.61
Dire,75,ET,1532476800,93,9.18,38.92,57.2,2.24
Butajira,88,ET,1532482252,97,8.12,38.38,51.72,2.59
San Rafael,0,AR,1532482253,68,-34.61,-68.33,24.18,4.05
Mahebourg,40,MU,1532480400,64,-20.41,57.7,71.6,11.41
Thompson,90,CA,1532480400,93,55.74,-97.86,51.8,12.75
Josefina,44,PH,1532482254,71,8.21,123.54,86.91,3.71
Mar del Plata,36,AR,1532482254,67,-46.43,-67.52,42.27,6.4
Half Moon Bay,90,US,1532480400,93,37.46,-122.43,75.31,13.87
Barrow,0,AR,1532482255,77,-38.31,-60.23,31.74,9.75
New Norfolk,40,AU,1532480400,50,-42.78,147.06,51.8,17.22
Rikitea,92,PF,1532482256,97,-23.12,-134.97,75.48,12.66
Denpasar,75,ID,1532478600,69,-8.65,115.22,78.8,4.7
East London,12,ZA,1532482256,96,-33.02,27.91,69.27,14.23
Hermanus,76,ZA,1532482257,95,-34.42,19.24,52.98,2.93
Puerto Escondido,75,MX,1532479260,70,15.86,-97.07,86.0,3.38
Avarua,75,CK,1532480400,94,-21.21,-159.78,73.4,10.29
Vila,0,IT,1532479800,78,45.18,8.4,72.52,2.24
Hofn,32,IS,1532482258,100,64.25,-15.21,48.48,8.19
Launceston,32,AU,1532480400,66,-41.43,147.14,50.0,14.99
Komsomolskiy,12,RU,1532482259,54,67.55,63.78,70.89,8.08
Barmer,32,IN,1532482259,65,25.74,71.4,84.57,13.89
Airai,0,TL,1532482259,46,-8.93,125.41,81.51,1.48
Pontianak,20,ID,1532478600,83,-0.02,109.34,80.6,3.36
Canico,20,PT,1532480400,73,32.63,-16.85,68.77,5.82
Norman Wells,40,CA,1532480400,35,65.28,-126.83,86.0,8.05
Eichstatt,20,DE,1532481600,93,48.88,11.18,60.82,2.24
Le Port,0,FR,1532482261,94,42.87,1.37,48.66,1.25
Dunedin,0,NZ,1532482143,92,-45.87,170.5,37.69,4.05
Jalu,0,LY,1532482262,61,29.03,21.55,76.02,11.54
Chapais,90,CA,1532480700,100,49.78,-74.86,66.2,4.7
Provideniya,75,RU,1532480400,76,64.42,-173.23,51.8,11.18
Ribeira Grande,56,PT,1532482262,98,38.52,-28.7,73.59,17.92
Yellowknife,20,CA,1532480400,48,62.45,-114.38,66.2,9.17
Saint-Pierre,0,FR,1532480400,60,48.95,4.24,75.58,5.82
Puerto Cabezas,92,NI,1532482264,97,14.04,-83.39,80.97,11.21
Castro,68,CL,1532482264,100,-42.48,-73.76,32.91,2.37
Tual,0,ID,1532482264,97,-5.67,132.75,80.25,15.68
Minab,12,IR,1532480400,84,27.15,57.07,89.6,4.7
Bredasdorp,80,ZA,1532480400,87,-34.53,20.04,57.2,2.24
Muros,40,ES,1532480400,100,42.77,-9.06,62.6,5.82
Bambous Virieux,40,MU,1532480400,64,-20.34,57.76,71.6,11.41
Jamestown,0,AU,1532482266,60,-33.21,138.6,59.82,7.63
Kljuc,0,HR,1532480400,50,43.85,16.03,68.61,9.17
Port Macquarie,0,AU,1532480400,30,-31.43,152.91,68.0,8.05
Waingapu,0,ID,1532482267,58,-9.65,120.26,82.41,7.96
Port Elizabeth,90,US,1532481600,83,39.31,-74.98,78.08,11.41
Hithadhoo,76,MV,1532482268,100,-0.6,73.08,80.52,15.23
Lorengau,0,PG,1532482107,100,-2.02,147.27,83.5,4.16
Don Sak,20,TH,1532478600,74,9.32,99.69,79.54,2.24
Presidencia Roque Saenz Pena,64,AR,1532482269,80,-26.79,-60.44,48.12,6.96
Lensk,64,RU,1532482269,70,60.71,114.91,59.19,9.08
Changji,0,CN,1532482269,71,32.07,116.17,96.18,5.61
Visby,0,SE,1532479800,87,57.64,18.3,55.4,4.72
Yangambi,88,CD,1532482270,100,0.77,24.47,71.79,3.15
Biak,88,ID,1532482270,100,-0.91,122.88,74.85,4.27
Esperance,20,TT,1532480400,83,10.24,-61.45,78.8,5.82
Mwingi,64,KE,1532482271,84,-0.93,38.07,59.1,10.09
San Cristobal,75,EC,1532480400,71,-0.39,-78.55,53.6,10.29
Whithorn,75,JM,1532480400,88,18.26,-78.04,80.6,4.7
Iqaluit,90,CA,1532480400,61,63.75,-68.52,50.0,9.17
Kudahuvadhoo,64,MV,1532482272,100,2.67,72.89,78.54,16.13
Ostrovnoy,0,RU,1532482272,70,68.05,39.51,71.52,11.21
Zastron,0,ZA,1532482034,77,-30.3,27.08,32.02,3.6
Uaua,0,BR,1532482273,80,-9.84,-39.48,67.29,9.86
Grindavik,75,IS,1532480400,100,63.84,-22.43,49.15,10.29
Pisco,90,PE,1532480400,88,-13.71,-76.2,62.6,8.05
Bose,0,IT,1532479800,64,45.46,8.01,57.34,3.36
Sturgis,1,US,1532480160,65,44.41,-103.51,81.82,11.41
Kodiak,1,US,1532479980,51,39.95,-94.76,82.4,8.05
Luderitz,0,NA,1532482275,70,-26.65,15.16,55.77,6.73
Anloga,75,GH,1532480400,94,5.79,0.9,77.0,13.87
Gubkin,92,RU,1532482275,98,51.28,37.53,64.41,6.4
Katsuura,20,JP,1532480400,62,33.93,134.5,88.74,4.7
Naryan-Mar,0,RU,1532482276,76,67.67,53.09,61.53,5.17
Elko,1,US,1532480160,14,40.83,-115.76,96.8,11.41
Busselton,92,AU,1532482277,100,-33.64,115.35,60.27,30.78
Barreirinha,76,BR,1532482277,86,-2.8,-57.07,78.09,4.94
Bilibino,8,RU,1532482277,57,68.06,166.44,60.72,2.93
Guerrero Negro,12,MX,1532482277,79,27.97,-114.04,74.49,7.74
Poum,24,MK,1532482278,98,41.28,20.71,54.24,1.59
Vardo,75,US,1532480100,83,39.62,-77.74,73.9,8.05
Port Lincoln,68,AU,1532481989,90,-34.72,135.86,58.66,7.74
Tobermory,64,CA,1532482055,97,45.25,-81.67,67.3,2.48
Praia da Vitoria,20,PT,1532480400,88,38.73,-27.07,68.0,18.03
Faanui,24,PF,1532482279,99,-16.48,-151.75,80.25,14.23
Arraial do Cabo,20,BR,1532480400,93,-22.97,-42.02,66.2,3.36
Atuona,64,PF,1532482254,100,-9.8,-139.03,77.55,13.78
Naze,100,NG,1532482280,98,5.43,7.07,71.97,3.94
Dhidhdhoo,56,MV,1532482280,100,6.88,73.1,80.7,18.59
Padang,88,ID,1532482280,100,-0.92,100.36,77.01,1.59
Bathsheba,75,BB,1532480400,69,13.22,-59.52,80.6,20.8
Los Llanos de Aridane,12,ES,1532480400,73,28.66,-17.92,69.8,10.29
Okhotsk,92,RU,1532482282,92,59.36,143.24,59.19,5.06
Cobija,0,BR,1532482282,68,-11.02,-68.77,68.01,3.94
Kavieng,36,PG,1532482283,100,-2.57,150.8,84.03,8.52
Klaksvik,88,FO,1532479800,100,62.23,-6.59,50.0,11.41
Tasiilaq,0,GL,1532479800,52,65.61,-37.64,46.4,5.82
Belton,1,US,1532480280,34,31.06,-97.46,95.25,9.17
Kruisfontein,100,ZA,1532482283,88,-34.0,24.73,58.47,5.73
Yerbogachen,92,RU,1532482284,85,61.28,108.01,54.24,8.41
Qaanaaq,88,GL,1532482284,97,77.48,-69.36,35.34,1.92
Montes Claros,0,BR,1532476800,45,-16.73,-43.87,68.0,8.05
Chuy,56,UY,1532482285,81,-33.69,-53.46,52.89,10.87
Eha Amufu,88,NG,1532482285,97,6.65,7.77,71.52,3.94
Talara,8,PE,1532482228,85,-4.58,-81.27,67.38,6.29
Lebu,75,ET,1532476800,93,8.96,38.73,57.2,2.24
Praia,0,BR,1532480400,63,-20.25,-43.81,60.8,6.93
Khatanga,32,RU,1532482286,74,71.98,102.47,54.96,10.87
Kavaratti,76,IN,1532482286,100,10.57,72.64,81.33,20.27
Quesnel,1,CA,1532480400,31,52.98,-122.49,75.2,4.7
Taoudenni,0,ML,1532482287,13,22.68,-3.98,79.17,5.17
Muroto,20,JP,1532480400,66,33.37,134.14,89.6,8.05
Anchorage,90,US,1532480160,72,61.22,-149.89,64.4,3.36
Auki,88,NG,1532482288,93,12.18,6.51,74.94,10.87
Sitka,8,US,1532482288,34,37.17,-99.65,83.67,7.96
Pevek,0,RU,1532482288,97,69.7,170.27,42.54,8.41
Chantada,40,ES,1532480400,100,42.61,-7.77,62.6,5.82
Beringovskiy,20,RU,1532482289,89,63.05,179.32,59.64,3.83
Kahului,40,US,1532480160,62,20.89,-156.47,84.74,24.16
Butaritari,76,KI,1532482289,100,3.07,172.79,80.61,1.48
Port Blair,76,IN,1532482289,100,11.67,92.75,80.61,20.27
Sinnamary,8,GF,1532482290,97,5.38,-52.96,80.07,7.96
Tiksi,44,RU,1532482290,78,71.64,128.87,43.44,12.44
Necochea,0,AR,1532482290,100,-38.55,-58.74,33.54,9.53
Gimli,36,CA,1532482291,71,50.63,-96.99,65.31,11.65
Guamuchil,92,MX,1532482291,63,25.47,-108.1,88.53,6.96
Ilulissat,75,GL,1532479800,93,69.22,-51.1,37.4,8.05
Pitimbu,0,BR,1532480400,83,-7.47,-34.81,71.6,4.7
Pangoa,8,PE,1532482292,96,-12.12,-73.0,59.1,1.92
Severo-Kurilsk,44,RU,1532482293,94,50.68,156.12,54.24,9.86
Husavik,36,CA,1532482293,71,50.56,-96.99,65.31,11.65
Port Hedland,0,AU,1532480400,47,-20.31,118.58,75.2,8.05
Upernavik,76,GL,1532482293,98,72.79,-56.15,37.41,9.75
Cherskiy,56,RU,1532482294,52,68.75,161.3,52.71,4.72
Dabakala,92,CI,1532482294,98,8.36,-4.43,71.34,8.41
Cuddapah,8,IN,1532482294,59,14.47,78.82,83.58,13.56
Columbus,1,US,1532480280,74,32.46,-84.99,79.23,2.15
Mecca,0,SA,1532480400,48,21.43,39.83,87.8,4.7
Linqiong,0,CN,1532480400,74,30.42,103.46,84.2,2.71
Dikson,80,RU,1532482296,100,73.51,80.55,42.9,16.58
Ust-Kuyga,36,RU,1532482296,59,70.0,135.55,50.64,12.21
Dingle,32,PH,1532482296,83,11.0,122.67,84.75,8.97
Samarai,36,PG,1532482297,100,-10.62,150.67,78.09,14.12
Erzin,0,TR,1532479800,78,36.95,36.2,78.82,8.05
Saint-Francois,0,FR,1532480400,82,46.42,3.91,62.6,2.24
Bilma,0,NE,1532482298,38,18.69,12.92,74.22,4.16
Honiara,20,SB,1532480400,70,-9.43,159.96,89.6,10.29
Bluff,0,AU,1532482299,40,-23.58,149.07,76.29,4.61
Brigantine,75,US,1532480400,88,39.41,-74.36,78.35,16.11
Nusaybin,0,TR,1532479800,41,37.08,41.21,77.0,3.36
Longyearbyen,75,NO,1532479800,86,78.22,15.63,41.0,11.41
Berlevag,0,NO,1532482300,87,70.86,29.09,57.93,3.71
Pangai,75,TO,1532480400,78,-19.8,-174.35,77.0,9.17
Cidreira,92,BR,1532482301,98,-30.17,-50.22,56.31,11.65
Irece,0,BR,1532482302,80,-11.3,-41.86,62.61,9.75
Rio Grande,92,BR,1532482127,85,-32.03,-52.1,56.05,14.67
Ampanihy,0,MG,1532482303,90,-24.69,44.75,54.51,8.3
Kaitangata,0,NZ,1532482304,80,-46.28,169.85,45.24,11.21
Riberalta,0,BO,1532482304,63,-11.0,-66.08,70.62,4.61
Vikulovo,36,RU,1532482304,76,55.07,40.96,64.05,12.21
Tianpeng,20,CN,1532482305,77,28.88,112.34,90.24,9.75
Hannibal,1,US,1532480100,61,39.71,-91.36,79.74,6.93
Yeppoon,20,AU,1532480400,64,-23.13,150.74,73.4,3.36
Zaykovo,0,RU,1532482306,56,57.56,62.76,76.11,4.16
Zhigansk,92,RU,1532482306,63,66.77,123.37,55.95,6.17
Nikolskoye,0,RU,1532480400,82,59.7,30.79,64.4,2.24
Jacmel,40,HT,1532476800,58,18.24,-72.54,86.0,14.99
Clarence Town,0,AU,1532480400,53,-32.59,151.78,66.2,17.22
Les Cayes,88,HT,1532482282,100,18.19,-73.75,81.06,12.66
Vao,24,EE,1532482308,92,59.1,26.19,64.14,3.04
Victoria,75,BN,1532478600,88,5.28,115.24,82.4,2.24
Kulu,64,CD,1532482309,99,3.47,23.69,69.09,2.15
Vredendal,92,ZA,1532482309,95,-31.68,18.49,51.99,2.59
Buraydah,20,SA,1532480400,31,26.33,43.97,87.8,8.05
Cap Malheureux,40,MU,1532480400,64,-19.98,57.61,71.6,11.41
Am Timan,88,TD,1532482310,80,11.04,20.28,73.95,6.51
Talcahuano,75,CL,1532480400,100,-36.72,-73.12,42.8,3.36
Saskylakh,24,RU,1532482311,72,71.97,114.09,52.44,10.2
Mount Gambier,80,AU,1532482311,81,-37.83,140.78,55.14,5.06
Saldanha,0,PT,1532482312,86,41.42,-6.55,56.13,2.59
Salisbury,20,GB,1532480160,77,51.07,-1.8,60.08,8.05
Omboue,20,GA,1532482312,100,-1.57,9.26,72.6,10.65
Sokolo,8,ML,1532482313,59,14.74,-6.12,81.42,11.88
Qaqortoq,20,GL,1532479800,52,60.72,-46.03,44.6,5.82
Mankera,100,NG,1532482313,90,13.01,5.07,77.46,8.19
Aripuana,0,BR,1532482314,64,-9.17,-60.63,77.37,2.93
Dvinskoy,92,RU,1532482314,73,62.16,45.12,64.77,3.94
Makakilo City,1,US,1532480220,48,21.35,-158.09,84.18,10.29
Sakaiminato,75,JP,1532480400,62,35.55,133.23,86.85,5.82
Belaya Gora,92,RU,1532482315,82,68.54,146.19,50.19,9.42
Tobol,0,SE,1532479800,77,59.83,12.54,64.4,3.36
Vila Franca do Campo,40,PT,1532480400,82,37.72,-25.43,68.0,4.7
Saint-Philippe,90,CA,1532481060,88,45.36,-73.48,76.59,2.24
Fallon,1,US,1532480160,41,46.84,-105.12,77.0,24.16
College,1,US,1532480280,23,64.86,-147.8,84.2,4.38
Goure,36,NE,1532482317,83,13.98,10.27,76.11,6.73
Khuzdar,0,PK,1532482317,65,27.8,66.62,76.92,3.71
Caluquembe,0,AO,1532482317,68,-13.78,14.68,45.15,5.28
Shingu,20,JP,1532480400,66,33.72,135.99,87.8,4.7
Athabasca,64,CA,1532482318,71,54.72,-113.29,60.81,5.06
Hervey Bay,0,AU,1532482263,87,-25.3,152.85,68.91,0.92
Port Hardy,20,CA,1532480400,77,50.7,-127.42,62.6,5.82
Singleton,0,AU,1532480400,67,-32.57,151.17,66.2,17.22
Tura,44,IN,1532482319,94,25.52,90.21,80.07,2.48
Panna,80,IN,1532482319,98,24.72,80.19,77.01,10.42
Xichang,0,CN,1532482320,74,27.88,102.25,66.21,1.92
Sao Joao do Piaui,0,BR,1532482320,50,-8.36,-42.25,74.58,12.66
Bandarbeyla,0,SO,1532482320,79,9.49,50.81,75.57,26.08
Kutum,48,SD,1532482320,61,14.2,24.66,71.79,10.76
Havoysund,0,NO,1532479800,77,71.0,24.66,59.0,3.6
Vestmanna,88,FO,1532479800,100,62.16,-7.17,50.0,11.41
Castanos,0,MX,1532482321,29,26.78,-101.42,89.88,5.39
Garissa,24,KE,1532482322,75,-0.46,39.64,70.62,11.88
Puerto Maldonado,12,PE,1532482322,60,-12.59,-69.19,69.81,4.38
Saint-Jovite,90,CA,1532480400,94,46.12,-74.6,73.4,6.62
Chokurdakh,36,RU,1532482322,90,70.62,147.9,48.21,4.38
Ust-Karsk,0,RU,1532482323,65,52.71,118.82,74.22,3.27
Someshwar,64,IN,1532482323,94,29.78,79.6,64.68,1.92
Kachkanar,44,RU,1532482323,58,58.7,59.48,72.51,3.27
Mastic Beach,20,US,1532480160,100,40.77,-72.85,75.45,10.29
Susner,92,IN,1532482324,100,23.94,76.1,73.32,11.43
Nanortalik,12,GL,1532482324,93,60.14,-45.24,40.02,21.72
Beyneu,24,KZ,1532482325,48,45.32,55.19,74.85,11.32
El Dorado,20,VE,1532482325,94,6.71,-61.64,72.42,2.59
Prince Rupert,90,CA,1532480400,93,54.32,-130.32,55.4,8.05
Atambua,0,ID,1532482325,81,-9.11,124.89,82.05,4.61
Srednekolymsk,88,RU,1532482326,64,67.46,153.71,59.01,6.06
Kenora,75,CA,1532481300,68,49.76,-94.48,68.11,9.17
Tucurui,80,BR,1532482326,66,-3.77,-49.67,82.14,4.16
Aklavik,40,CA,1532480400,51,68.22,-135.01,80.6,3.36
Waddan,0,LY,1532482327,66,29.16,16.14,72.78,7.18
Saint George,20,GR,1532479800,73,39.45,22.34,69.8,4.7
Cabo San Lucas,5,MX,1532479560,61,22.89,-109.91,84.36,18.34
Sorland,92,NO,1532482328,98,67.67,12.69,55.14,3.6
Lasa,90,CY,1532480400,83,34.92,32.53,78.01,6.96
Mayo,20,CA,1532480400,20,63.59,-135.9,84.2,2.26
Moron,75,VE,1532480400,88,10.49,-68.2,77.0,1.81
Cranbrook,75,CA,1532480400,23,49.51,-115.76,80.82,3.36
Namatanai,24,PG,1532482329,100,-3.66,152.44,83.31,6.51
Noumea,20,NC,1532480400,50,-22.28,166.46,75.2,8.05
Uthal,48,PK,1532482329,82,25.81,66.62,80.79,5.06
Shubarshi,76,KZ,1532482330,39,48.59,57.19,73.68,11.1
Maracacume,36,BR,1532482330,96,-2.04,-45.96,73.14,2.71
Nuuk,90,GL,1532479800,93,64.17,-51.74,37.4,11.41
Upata,80,VE,1532482331,98,8.02,-62.41,70.44,3.15
Buzuluk,48,RU,1532482331,54,52.79,52.25,71.88,9.42
Sola,75,NO,1532479800,93,58.89,5.65,62.35,6.93
Chiredzi,88,ZW,1532482331,83,-21.05,31.67,48.48,2.93
Pangnirtung,64,CA,1532482332,90,66.15,-65.72,37.86,2.48
Ponta do Sol,44,BR,1532482332,76,-20.63,-46.0,54.06,5.39
Marsassoum,0,SN,1532476800,100,12.83,-15.98,77.0,2.24
Moree,20,AU,1532482333,77,-29.46,149.84,66.66,4.72
Aksay,56,RU,1532482333,98,47.27,39.86,66.39,11.99
Sioux Lookout,75,CA,1532480400,88,50.1,-91.92,63.64,16.11
Bata,40,GQ,1532480400,88,1.87,9.77,77.0,6.93
Belyy Yar,40,RU,1532480400,68,53.6,91.39,64.4,13.42
Acolla,0,PE,1532482334,85,-11.73,-75.55,23.73,2.59
Raudeberg,92,NO,1532479800,93,61.99,5.14,57.2,10.29
Kiama,20,AU,1532476800,42,-34.67,150.86,62.6,10.29
Flagstaff,1,US,1532480220,26,35.2,-111.65,89.11,9.17
Codrington,88,AU,1532482335,78,-28.95,153.24,64.32,3.38
Souillac,0,FR,1532480400,93,45.6,-0.6,65.39,5.82
San Quintin,75,PH,1532480400,78,17.54,120.52,82.4,4.7
Hambantota,0,LK,1532482336,92,6.12,81.12,81.96,18.92
Rawson,0,AR,1532482336,38,-43.3,-65.11,40.74,11.88
Zatyshshya,20,UA,1532482336,93,47.33,29.87,61.89,2.71
Yuanping,0,CN,1532482337,83,38.72,112.71,70.71,3.38
Namibe,12,AO,1532482337,100,-15.19,12.15,66.12,6.51
Biltine,24,TD,1532482337,84,14.53,20.93,73.41,10.76
Khandyga,56,RU,1532482338,71,62.65,135.58,61.89,3.6
Fuerte Olimpo,0,BR,1532482338,79,-21.04,-57.87,57.21,10.31
Kungurtug,68,RU,1532482338,44,50.6,97.53,72.42,5.73
Ketchikan,1,US,1532480160,56,55.34,-131.65,68.74,3.36
Salinopolis,48,BR,1532482339,100,-0.61,-47.36,79.44,13.44
Anadyr,0,RU,1532480400,68,64.73,177.51,68.0,4.47
Deputatskiy,76,RU,1532482339,70,69.3,139.9,47.49,8.86
Santa Cruz,1,US,1532480160,72,36.97,-122.03,74.62,9.17
Fortuna,20,ES,1532480400,94,38.18,-1.13,73.4,2.37
Guiratinga,0,BR,1532482342,63,-16.35,-53.76,63.87,6.17
Hamilton,75,BM,1532480100,83,32.3,-64.78,78.8,10.29
Taltal,24,CL,1532482342,86,-25.41,-70.49,48.12,1.03
Leh,76,IN,1532482343,81,34.16,77.58,41.46,1.81
Monrovia,75,LR,1532480400,94,6.33,-10.8,77.0,7.63
Boa Vista,75,BR,1532480400,94,2.82,-60.67,75.2,4.7
Sao Filipe,12,CV,1532482345,100,14.9,-24.5,75.48,4.38
Camacha,0,PT,1532480400,82,33.08,-16.33,69.03,5.82
Contai,80,IN,1532482346,94,21.78,87.75,84.93,16.58
Ballitoville,0,ZA,1532482346,69,-29.54,31.21,51.9,3.15
Naranjal,90,PY,1532476800,87,-25.97,-55.19,60.8,4.7
Havre,1,US,1532479980,30,48.55,-109.68,80.6,13.87
Kerman,0,IR,1532480400,16,30.29,57.06,77.0,4.7
Sisimiut,88,GL,1532482347,100,66.94,-53.67,35.07,2.48
Lokhvytsya,24,UA,1532482347,92,50.37,33.26,65.58,8.19
Shorewood,5,US,1532480100,44,43.09,-87.89,76.23,8.05
Bauchi,88,NG,1532482348,87,10.31,9.85,71.79,6.73
Kamenka,100,RU,1532482348,85,53.19,44.05,61.62,13.44
Crewe,75,US,1532480160,100,37.17,-78.12,74.77,2.71
Caravelas,76,BR,1532482349,100,-17.73,-39.27,73.32,13.67
Sampit,0,ID,1532482349,80,-2.54,112.95,85.29,9.42
Riyadh,0,SA,1532480400,16,24.63,46.72,84.2,6.73
Ler,75,NO,1532479800,93,63.2,10.3,57.2,3.36
Akhtubinsk,64,RU,1532482350,78,48.29,46.17,71.79,12.44
Shouguang,0,CN,1532482350,69,36.88,118.73,94.83,11.88
Luocheng,0,CN,1532482351,71,28.29,114.55,90.6,6.73
Nome,1,US,1532480100,55,30.04,-94.42,85.5,7.18
Yazd,40,IR,1532480400,25,31.89,54.36,86.0,2.71
Fare,80,PF,1532482352,98,-16.7,-151.02,79.71,13.67
Qinhuangdao,92,CN,1532482106,99,39.94,119.59,78.46,2.59
Agadez,0,NE,1532482352,58,16.97,7.99,80.25,10.2
Argelia,40,CO,1532480400,88,4.73,-76.12,69.8,4.7
Campbell River,40,CA,1532480400,29,50.02,-125.24,88.32,3.36
Tommot,0,RU,1532482353,75,58.97,126.27,64.59,3.38
Ziro,90,IN,1532476800,100,27.54,93.82,77.0,6.93
Santa Isabel,75,CO,1532480400,100,4.71,-75.1,68.0,3.36
Merauke,8,ID,1532482354,69,-8.49,140.4,85.74,13.56
Jacareacanga,32,BR,1532482355,71,-6.22,-57.76,81.15,2.15
Andros Town,40,BS,1532480400,78,24.73,-77.79,82.4,6.93
Torbay,90,CA,1532480400,100,47.66,-52.73,60.8,19.46
Lala,20,PH,1532482356,67,7.97,123.75,85.83,4.94
Hobyo,20,SO,1532482356,80,5.35,48.53,73.32,20.04
Clyde River,90,CA,1532480400,87,70.47,-68.59,42.8,8.05
Kyren,48,RU,1532482357,67,51.68,102.13,71.97,2.15
Kamphaeng Phet,88,TH,1532482357,100,16.47,99.53,75.39,1.7
Hargeysa,32,SO,1532482357,65,9.56,44.06,64.59,13.56
Palmer,90,US,1532480160,68,61.6,-149.11,64.38,2.82
Marabba,88,SD,1532482358,93,12.35,32.18,70.44,4.5
Luau,0,CD,1532482358,56,-10.7,22.23,56.4,5.17
Shenjiamen,12,CN,1532482358,91,29.96,122.3,84.21,17.81
Ternate,75,PH,1532480400,100,14.29,120.72,82.4,6.93
Neuquen,0,AR,1532480400,66,-38.95,-68.06,35.6,4.38
Mangan,92,IN,1532482359,91,27.5,88.54,51.81,1.36
Salalah,75,OM,1532479800,88,17.01,54.1,78.8,3.36
Eyl,0,SO,1532482360,74,7.98,49.82,78.54,22.28
Banda Aceh,36,ID,1532482360,61,5.56,95.32,86.82,6.96
Fairbanks,1,US,1532480280,23,64.84,-147.72,84.2,4.38
Sambava,100,MG,1532482361,100,-14.27,50.17,69.9,27.54
Hami,24,CN,1532482361,33,42.84,93.51,91.32,5.73
Kattivakkam,40,IN,1532480400,66,13.22,80.32,86.0,6.93
Asyut,0,EG,1532480400,65,27.18,31.19,82.4,12.75
Kadarkut,0,HU,1532482362,82,46.24,17.62,63.69,3.6
Inyonga,0,TZ,1532482362,57,-6.72,32.06,52.44,5.39
Tilichiki,0,RU,1532482362,85,60.47,166.1,61.98,3.94
Salym,0,RU,1532482363,46,60.06,71.48,74.76,3.94
Juegang,8,CN,1532482363,79,32.31,121.18,91.41,6.85
Hohr-Grenzhausen,0,DE,1532481600,40,50.43,7.67,68.86,5.82
Athens,90,US,1532480280,54,34.8,-86.97,79.57,6.93
Caborca,36,MX,1532482364,31,30.58,-111.1,91.23,3.83
Sistranda,75,NO,1532479800,93,63.73,8.83,57.2,3.36
Touros,24,BR,1532482364,82,-5.2,-35.46,76.29,14.79
Vestmannaeyjar,88,IS,1532482365,99,63.44,-20.27,49.02,9.53
Lompoc,1,US,1532480160,72,34.64,-120.46,69.55,12.75
Isangel,0,VU,1532482365,100,-19.55,169.27,72.33,14.45
Acapulco,20,MX,1532479320,74,16.86,-99.88,86.0,3.36
Porangatu,0,BR,1532482366,49,-13.44,-49.14,65.31,8.63
Cabedelo,0,BR,1532480400,83,-6.97,-34.84,71.6,4.7
Waitati,0,NZ,1532482366,84,-45.75,170.57,42.09,7.96
Cayenne,75,GF,1532480400,100,4.94,-52.33,75.2,5.61
Kahramanmaras,0,TR,1532479800,65,37.58,36.93,77.0,11.41
Helong,20,CN,1532482367,67,25.94,116.13,88.62,3.6
Alihe,80,CN,1532482368,73,50.57,123.73,68.91,6.51
Gazli,0,UZ,1532482368,31,40.13,63.45,78.99,14.79
Mount Isa,0,AU,1532480400,13,-20.73,139.49,78.8,6.93
Biskamzha,92,RU,1532482369,99,53.45,89.53,53.61,2.71
Ancud,36,CL,1532482369,81,-41.87,-73.83,29.49,2.37
Aden,8,YE,1532482369,96,12.79,45.03,78.81,23.29
Kihei,40,US,1532480160,62,20.76,-156.45,84.76,24.16
Inhambane,0,MZ,1532482370,100,-23.87,35.38,63.78,8.19
Calbuco,40,CL,1532481600,100,-41.77,-73.13,30.2,5.17
Lakhnadon,92,IN,1532482370,97,22.6,79.61,75.93,12.33
Coihaique,0,CL,1532480400,83,-45.58,-72.07,36.59,1.12
Maine-Soroa,88,NE,1532482371,91,13.21,12.02,74.4,3.15
Narsaq,44,GL,1532479800,52,60.91,-46.05,44.6,5.82
Imbituba,75,BR,1532480400,100,-28.24,-48.67,59.0,11.41
Marawi,24,PH,1532482372,67,8.0,124.29,80.97,4.72
Onega,92,RU,1532482372,69,63.91,38.09,68.46,7.96
Te Anau,56,NZ,1532482372,82,-45.41,167.72,39.84,3.38
Ihiala,92,NG,1532482372,100,5.86,6.86,73.86,5.5
Gigmoto,68,PH,1532482373,97,13.78,124.39,84.48,9.98
Karratha,0,AU,1532482373,26,-20.74,116.85,76.47,5.39
Cachipay,20,CO,1532482373,96,2.22,-76.07,45.96,1.14
San Felipe,0,CL,1532480400,75,-32.75,-70.73,44.6,4.7
Puro,76,PH,1532482374,100,13.13,123.76,80.61,5.17
Umm Lajj,20,SA,1532482374,100,25.02,37.27,76.74,4.72
Lavrentiya,24,RU,1532482374,92,65.58,-170.99,46.14,8.41
Sao Paulo de Olivenca,12,BR,1532482375,90,-3.38,-68.87,75.12,2.15
Vostok,92,RU,1532482375,96,46.45,135.83,73.86,2.26
Geraldton,75,CA,1532480400,53,49.72,-86.95,73.4,5.82
Kharan,0,PK,1532482375,37,28.58,65.42,82.95,4.5
Lagos,40,NG,1532480400,94,6.46,3.39,77.0,5.82
Sao Gabriel da Cachoeira,68,BR,1532482377,98,-0.13,-67.09,72.6,1.7
Carbondale,1,US,1532479980,37,38.82,-95.69,83.86,6.93
Beaune,0,FR,1532480400,57,47.02,4.84,69.62,6.93
Cruz Grande,20,MX,1532479320,74,16.72,-99.13,86.0,3.36
Labuhan,20,ID,1532482378,74,-2.54,115.51,83.94,3.27
Peleduy,68,RU,1532482378,71,59.63,112.75,62.34,3.15
Walvis Bay,0,NA,1532482378,77,-22.95,14.51,66.84,12.88
Sayyan,56,YE,1532482378,78,15.17,44.32,50.91,1.92
Kristianstad,0,SE,1532479800,92,56.03,14.16,61.14,3.36
Manakara,92,MG,1532482379,100,-22.14,48.01,66.93,6.85
Tuatapere,64,NZ,1532482379,100,-46.13,167.69,44.97,4.61
Rio Gallegos,0,AR,1532480400,64,-51.62,-69.22,39.2,9.17
Bolu,80,TR,1532482209,96,40.73,31.61,59.01,2.04
Storforshei,92,NO,1532482380,99,66.4,14.52,52.17,2.15
Teykovo,12,RU,1532482380,83,56.86,40.54,61.89,10.98
Nortelandia,0,BR,1532482381,86,-14.45,-56.8,61.89,6.29
Point Pedro,44,LK,1532482381,93,9.82,80.23,83.22,11.1
Grand Gaube,40,MU,1532480400,64,-20.01,57.66,71.6,11.41
Mapiri,76,BO,1532482381,100,-15.31,-68.22,48.3,0.69
Russell,0,AR,1532480400,48,-33.01,-68.8,42.8,4.7
Vila Velha,0,BR,1532480400,83,-3.71,-38.6,77.0,4.7
Vanavara,12,RU,1532482382,61,60.35,102.28,61.98,6.4
Byron Bay,76,AU,1532480400,59,-28.65,153.62,66.2,2.24
Olinda,40,EC,1532480400,73,-2.03,-79.75,77.0,13.87
Nadym,48,RU,1532482383,50,65.53,72.51,76.47,14.67
Ruidoso,1,US,1532481300,40,33.33,-105.67,89.4,11.41
Emilio Carranza,0,MX,1532482384,76,19.97,-96.61,77.55,3.71
Yulara,0,AU,1532480400,26,-25.24,130.99,69.8,12.75
Constance,20,DE,1532481600,82,47.66,9.18,64.47,2.24
Antalaha,92,MG,1532482384,100,-14.9,50.28,67.65,18.92
Puerto Penasco,12,MX,1532482385,81,31.32,-113.53,90.24,10.76
Dunmore,75,US,1532480040,88,41.42,-75.63,71.47,4.7
Ibra,0,OM,1532482385,54,22.69,58.55,85.47,2.15
Banting,75,MY,1532478600,94,2.82,101.5,77.4,5.82
Ratchaburi,64,TH,1532482386,62,13.54,99.82,88.89,10.31
Saint Anthony,75,US,1532481360,72,43.97,-111.68,76.64,17.22
Santa Isabel do Rio Negro,92,BR,1532482387,94,-0.41,-65.02,73.5,4.38
Aquidauana,0,BR,1532482433,66,-20.47,-55.78,65.58,9.53
Hirara,40,JP,1532480400,74,24.8,125.28,86.0,5.82
Surt,0,LY,1532482388,100,31.21,16.59,75.57,9.42
Leningradskiy,20,RU,1532482389,98,69.38,178.42,37.95,19.37
Topeka,1,US,1532479980,39,39.05,-95.68,82.99,5.82
Waipawa,12,NZ,1532482389,60,-39.94,176.59,52.26,8.75
Akdepe,0,TM,1532480400,40,42.05,59.39,72.52,6.93
Nantucket,75,US,1532481300,100,41.28,-70.1,70.92,9.17
Acajutla,20,SV,1532479800,62,13.59,-89.83,84.2,5.82
Bonavista,80,CA,1532482390,79,48.65,-53.11,64.14,13.78
Corumba,0,BR,1532476800,56,-19.0,-57.65,68.0,12.75
Karasjok,56,NO,1532481600,82,69.47,25.52,64.4,9.17
Nosy Varika,68,MG,1532482391,100,-20.58,48.53,67.02,7.18
Rome,0,IT,1532479800,49,41.89,12.48,75.74,5.82
Parsons,1,US,1532481300,51,37.34,-95.26,87.82,4.7
Vilhena,0,BR,1532482392,60,-12.74,-60.15,69.09,4.5
Harper,1,US,1532480100,32,30.3,-99.24,96.28,8.05
Drovyanaya,0,RU,1532480400,68,51.58,113.05,71.6,6.71
Dongsheng,8,CN,1532482393,64,29.72,112.52,95.19,12.66
Adrar,0,DZ,1532480400,10,27.87,-0.29,95.0,11.41
Ayan,12,TR,1532482394,85,40.67,33.6,52.44,2.15
Plettenberg Bay,92,ZA,1532482394,100,-34.05,23.37,60.27,3.38
Northam,0,GB,1532479800,87,51.04,-4.21,55.4,2.24
Ise,75,JP,1532480400,70,34.5,136.72,87.8,4.7
Kizukuri,75,JP,1532480400,74,40.81,140.39,78.8,4.7
Chiang Kham,75,TH,1532476800,100,19.53,100.3,75.2,5.82
Algiers,1,US,1532481300,58,29.94,-90.04,84.27,14.99
Itarema,0,BR,1532482396,78,-2.92,-39.92,77.55,14.0
Southbridge,90,US,1532480580,88,42.08,-72.03,75.56,13.87
Gat,75,SN,1532476800,78,14.69,-16.54,82.4,4.7
Sibolga,44,ID,1532482397,87,1.74,98.78,75.84,2.37
Port Shepstone,0,ZA,1532482397,79,-30.74,30.45,60.81,4.94
Marsa Matruh,20,EG,1532480400,74,31.35,27.25,78.8,9.17
Kaeo,48,NZ,1532482398,84,-35.1,173.78,54.06,9.64
Luis Correia,20,BR,1532482398,69,-2.88,-41.67,79.26,12.33
Fort Nelson,90,CA,1532476800,31,58.81,-122.69,77.0,5.82
Eibergen,90,NL,1532481900,64,52.1,6.65,71.6,5.82
Mwinilunga,0,ZM,1532482399,67,-11.73,24.43,51.27,5.84
Koumac,24,NC,1532482399,69,-20.56,164.28,73.14,10.42
Gobabis,0,NA,1532482400,75,-22.45,18.97,37.95,5.95
Den Helder,90,NL,1532481900,88,52.96,4.76,67.98,5.82
Cururupu,24,BR,1532482400,99,-1.82,-44.87,73.14,2.37
Margate,40,AU,1532480400,50,-43.03,147.26,51.8,17.22
Tarauaca,0,BR,1532482401,57,-8.16,-70.77,76.65,7.18
Aykhal,32,RU,1532482401,63,65.95,111.51,58.02,4.05
Sidmouth,0,GB,1532479800,87,50.68,-3.24,55.4,2.24
Ritterhude,0,DE,1532481600,73,53.19,8.75,69.8,4.7
Marsh Harbour,44,BS,1532482402,100,26.54,-77.06,83.22,16.24
El Porvenir,20,HN,1532480400,83,15.75,-86.9,85.1,5.82
Kvarkeno,20,RU,1532482404,46,52.08,59.73,74.22,4.72
Caruray,80,PH,1532482404,100,10.31,119.01,81.06,11.65
Alekseyevsk,32,RU,1532482404,76,57.84,108.35,71.43,2.59
Matagami,92,NG,1532482404,99,9.67,8.4,67.65,5.95
Kenai,90,US,1532480160,87,60.55,-151.26,60.8,10.29
Liverpool,0,GB,1532481600,82,53.41,-2.98,56.37,2.71
Avera,90,US,1532480100,94,33.19,-82.53,75.96,6.93
Mao,40,DO,1532480400,83,19.55,-71.08,80.6,9.17
Bambamarca,80,PE,1532482406,92,-6.68,-78.52,47.85,1.7
Arlit,0,NE,1532482406,47,18.74,7.39,69.99,3.83
Passagem Franca,32,BR,1532482407,47,-6.18,-43.78,78.99,3.94
Meiganga,92,CM,1532482407,98,6.52,14.29,63.78,3.6
Terrace,40,CA,1532480400,21,54.52,-128.61,84.2,6.93
Lundazi,0,ZM,1532482407,89,-12.29,33.17,49.65,8.97
Zaria,68,NG,1532482408,93,11.11,7.72,73.05,9.98
Astoria,1,US,1532480100,72,46.19,-123.83,64.4,10.29
Teya,40,MX,1532480040,58,21.05,-89.07,86.0,4.7
Thinadhoo,100,MV,1532482408,100,0.53,72.93,82.14,18.25
Haines Junction,0,CA,1532482409,27,60.75,-137.51,69.09,3.94
Valdivia,0,CL,1532480400,98,-39.81,-73.25,32.0,2.24
Callaway,1,US,1532481300,56,46.98,-95.91,74.17,4.7
Kupang,20,ID,1532478600,65,-10.16,123.6,80.6,12.75
Nanakuli,20,US,1532480220,61,21.39,-158.15,84.2,5.82
Gravelbourg,12,CA,1532482410,48,49.88,-106.56,64.86,5.39
Samoylovka,92,RU,1532482410,98,51.19,43.71,65.76,14.67
Yavas,80,RU,1532482411,71,54.42,42.84,64.14,11.77
Veraval,0,FR,1532480400,82,49.65,0.71,63.19,5.82
Kanigoro,0,ID,1532482411,80,-8.13,112.22,77.19,15.23
El Silencio,68,CO,1532482412,91,5.37,-75.03,66.66,1.59
Maxixe,0,MZ,1532482412,100,-23.86,35.35,63.78,8.19
Shimoda,75,JP,1532480400,89,34.7,138.93,84.2,11.41
Coquimbo,0,CL,1532480400,87,-29.95,-71.34,46.4,2.24
Kapit,76,MY,1532482413,89,2.02,112.94,80.61,2.71
Mukhen,100,RU,1532482413,93,48.19,136.14,76.92,6.06
Port Pirie,0,AU,1532480400,76,-33.18,138.01,57.2,6.93
Nisia Floresta,40,BR,1532480400,69,-6.09,-35.21,77.0,12.75
